participant_id,iteration,fs,accuracy
,0,0.5,69.89999999999999
,415,0.5,69.89999999999999
