participant_id,iteration,fs,accuracy
,0,0.5,69.89999999999999
,394,0.5,69.19999999999999
