participant_id,iteration,fs,accuracy
,0,0.5,69.89999999999999
,1533,0.5,70.39999999999999
